{
  "geometry": {
    "bond_A": 1.7131,
    "a_A": 3.4262,
    "interlayer_A": 2.0488,
    "press_kbar": 0.05,
    "EF_eV": -4.0969
  },
  "frozen_phonon": {
    "fit": [
      30.60019698858497,
      -2.7139649387594494e-13,
      -509.8028705891035
    ],
    "d2E_du2_eV_per_A2": 61.20039397716994,
    "k_bond_eV_per_A2": 20.40013132572331,
    "Omega_meV": 125.60153890291045,
    "Omega_cm": 1013.0463519721129,
    "us": [
      -0.06,
      -0.03,
      0.0,
      0.03,
      0.06
    ],
    "Es": [
      -509.69269857944494,
      -509.7753756138134,
      -509.80280278610445,
      -509.7753756138134,
      -509.69269857944494
    ]
  },
  "hopping_t": {
    "W_single_eV": 3.245,
    "t_lo": 0.5408333333333334,
    "t_hi": 0.81125,
    "t_mid": 0.649
  },
  "g_over_t_structural": {
    "u0_pm": 5.54837748637497,
    "d_A": 1.7131,
    "g_over_t": 0.0647758739872158,
    "note": "g/t = 2*u0/d is t-INDEPENDENT (Harrison: g_SSH=(2t/d)*u0, t cancels)"
  },
  "g_ssh_eV": 0.042039542217703056,
  "solver": {
    "Omega_t": 0.19353087658383736,
    "U_t": 0.3870617531676747,
    "g_threshold_t": 0.1,
    "g_realistic_t": 0.0647758739872158,
    "binding_scan": [
      [
        0.05,
        0.06564748996416458
      ],
      [
        0.06,
        0.054436894107785516
      ],
      [
        0.1,
        -0.01071202361306689
      ],
      [
        0.2,
        -0.28550760380802487
      ],
      [
        0.5,
        -0.7252934975706911
      ],
      [
        0.8,
        -0.7906645126720075
      ],
      [
        1.0,
        -0.8030349382320612
      ],
      [
        1.2,
        -0.8073941482760816
      ],
      [
        1.5,
        -0.8069951742224131
      ],
      [
        2.0,
        -0.7983412944985524
      ]
    ],
    "shortfall": 1.5437846507441342,
    "bound": false
  }
}