{"-0.06": -37.46172272, "-0.03": -37.46779937, "0.00": -37.46981523, "0.03": -37.46779937, "0.06": -37.46172272}
